1401408,Pamella Dalbey,1
1402200,Arline Duvall,1
1405379,Camelia Keeley,1
1405382,Laine Bravo,1
1405411,Cristobal Glaspie,1
1407342,Tamar Babb,1
1407352,Manuela Vitello,1
1500071,Zonia Story,1
1500308,Lilliam Chojnacki,1
1500390,Willodean Racca,1
1500420,Birgit Ardon,1
1500561,Laureen Rager,1
1500925,Demetrice Covert,1
1501494,Karisa Kuebler,1
1501776,Audria Fincham,1
1502171,Eleanor Shaver,1
1502284,Tajuana Constantino,1
1502779,Cordie Jacques,1
1502917,Yee Fabre,1
1503000,Domenica Overbey,1
1503170,Chester Chappel,1
1503414,Genevie Crisp,1
1504448,Laurena Allie,1
1505013,Elsa Mccauley,1
1505068,Lizeth Arebalo,1
1505794,Latisha Rollo,1
1505965,Jolyn Mountain,1
1505974,Marshall Harwell,1
1506715,Nevada Cella,1
1506755,Jamila Canfield,1
1506827,Dona Tuggle,1
1506852,Desirae Kohnke,1
1506880,Magaly Viens,1
1600100,Vincenzo Travis,1
1600150,Nicholle Watlington,1
1600443,Kit Cerda,1
1600738,Anabel Lamer,1
1601126,Stephnie Grimshaw,1
1601207,Luella Feng,1
1601343,Lori Mallard,1
1601928,Lurlene Warring,1
1601998,Ashley Kepley,1
1602262,Dulcie Mccrum,1
1602815,Mara Peres,1
1603297,Cyndy Tannehill,1
1603444,An Waldrip,1
1603645,Jesenia Witkowski,1
1603795,Darius Haggard,1
1603837,Anton Hardeman,1
1603920,Madalyn Nason,1
1604288,James Macmaster,1
1605246,Jacob Mccroskey,1
1605492,Adelia Blas,1
1605707,Ivelisse Coria,1
1605980,Lizette Montesdeoca,1
1606183,Josephine Lange,1
1606774,Madonna Magnuson,1
1606980,Devora Hambrick,1
1607092,Joaquin Germaine,1
1607329,Cassandra Hyre,1
1607798,Pauline Hiltz,1
1607908,Bell Parvin,1
1700132,Penny Corr,1
1700385,Dorcas Mcenaney,1
1701664,Oda Aumick,1
1703209,Neida Schaffer,1
1703283,Cecil Fodor,1
1703667,Audrea Rockey,1
1703821,Eloy Audie,1
1707369,Zulema Stoker,1
1707534,Stacia Jules,1
